ID,Name,Confluence
153000013633,Sage Intacct,
153000045418,Functions,
153000045421,Dimension functions,
153000013634,"Acumatica, MYOB, Cegid",
153000047930,Troubleshooting,
153000047928,Functions,
153000053405,List functions,
153000019148,Velixo Classic,
153000047927,Release notes,
153000045420,Project functions,
153000053782,Templates,
153000185583,Templates,
153000011067,Velixo NX,
153000027644,Reference,
153000045419,Financial functions,
153000062073,Project module functions,
153000034115,Getting started,
153000059106,How to's,
153000063203,Using Distribution Lists,
153000047929,How to's,
153000059009,Using Generic Inquiries,
153000062071,Using custom VBA macros,
153000065108,Troubleshooting,
153000053784,Templates,
153000050108,Financial functions,
153000023647,General,
153000059129,General help,
153000061888,How to's,
153000047932,Reference,
153000063212,Classic User Interface,
153000251751,Templates (Staging area - Agents only),
153000068848,System functions,
153000045422,Query functions,
153000055513,How to's,
153000047931,Troubleshooting,
153000251762,Templates,
153000251752,Samples,
153000185576,Construction Templates,
153000059144,Troubleshooting,
153000047926,Getting started,
153000059140,Generic error messages,
153000409827,Functions,
153000185582,Samples,
153000251753,Demo,
153000151269,Sage Intacct Videos,
153000059107,Advanced topics,
153000047925,Release notes,
153000034114,Getting started,
153000058970,Generic Inquiry functions,
153000719182,Templates Staging Area,
153000045392,How to's,
153000059142,Connection issues,
153000063238,Support and definitions,
153000062074,Writeback functions,
153000045424,System functions,
153000045423,Writeback functions,
153000760751,Functions,
153000062072,Customization Package,
153000185735,Demos,
153000059141,Reporting topics,
153000066920,Tutorials,
153000027645,Getting started,
153000655364,Troubleshooting,
153000296603,Advanced Topics,
153000096310,Partners,
